"event_code", "event_name"
112999, "淡江大學AI創智學院人工智慧學系AI專業研習講座(二)"
112998, "淡江大學AI創智學院人工智慧學系AI專業研習講座(一)"
112997, "淡江大學STEAM-R/W教育推動小組113學年度第1學期第1次會議"
112996, "淡江大學商管學院公共行政學系學生校外實習委員會113學年度第1次會議簽到單"
112995, "淡江大學商管學院公共行政學系課程委員會113學年度第2次會議簽到單"
112994, "淡江大學商管學院公共行政學系113學年度第1學期第2次系務會議簽到單"
112993, "淡江大學AI創智學院人工智慧學系人工智慧跨域工作坊(二)"
112992, "淡江大學AI創智學院人工智慧學系人工智慧跨域工作坊(一)"
112991, "教育學院113學年度個資侵害事件演練說明會"
112990, "113年12月事務整備組TQM小組會議"
112989, "113學年度ISO環安管理系統外部稽核驗證會議(第二天)"
112988, "113學年度ISO環安管理系統外部稽核驗證會議(第一天)"
112987, "日文系2025日本人文學國際學術研討會籌備會"
112986, "113學年度研究發展處品質績效獎勵遴選小組會議"
112985, "113學年「典藏TKU，校史ing」校史館暨張建邦創辦人紀念館導覽活動 【虛擬校史館-線上導覽】"
112984, "113學年「典藏TKU，校史ing」校史館暨張建邦創辦人紀念館導覽活動 【校史館-現場導覽】"
112983, "淡江大學圖書館校史組113學年度第4次TQM小組會議"
112982, "淡江大學研究推動委員會113學年度第2次會議"
112981, "TEST-"
112980, "淡江大學國際事務學院113學年度個資教育訓練暨侵害事件應變演練會議"
112979, "蒐集資料的方法-英文系大專生國科會計畫"
112978, "淡江大學化學工程與材料工程學系113學年度第1學期第3次系務會議"
112977, "淡江大學工學院化學工程與材料工程學系114學年第2次系招生會議"
112976, "淡江大學AI創智學院人工智慧學系113學年度第1學期第4次TQM會議簽到單"
112975, "俄文系TQM小組113學年度第1學期第4次會議"
112974, "科研平台五校月會籌備會議"
112973, "淡江大學體育事務處體育教學與活動組113學年度第1學期第4次TQM會議-紀錄"
112972, "淡江大學體育事務處體育教學與活動組113學年度第1學期第4次TQM會議"
112971, "資訊處前瞻技術組113年12月TQM小組會議"
112970, "國際企業學系113學年度第1學期第1次學生校外實習委員會"
112969, "淡江大學114學年度商管學院國際企業學系招生委員會第2次會議"
112968, "國際企業學系113學年度第1學期第2次課程委員會"
112967, "國際企業學系113學年度第1學期第2次系務會議"
112966, "2024淡江大學西語系跨年吞葡萄晚會"
112964, "淡江大學人力資源處管理企劃組113學年度第4次TQM小組會議"
112963, "淡江大學教務處招生策略中心TQM小組113學年度第4次會議"
112962, "節能與空間組113年12月TQM會議"
112961, "出納組TQM小組會議113.12"
112960, "淡江大學學生事務處住宿輔導組113學年度第1學期第4次組務會議"
112959, "諮商職涯暨學習發展輔導中心113學年度第1學期第4次中心會議暨TQM會議"
112958, "清華五校聯盟科研平台12月月會"
112957, "113學年度第1學期第1次審計學教學研究會"
112956, "淡江大學113學年度校務發展計畫第1次執行會議"
112955, "(課程代號：PPTX-101) PowerPoint課程－母片詳知詳解"
112954, "AI創智學院與法蘭德醫療器材物業管理顧問股份有限公司簽約儀式"
112953, "三全教育中心113學年度第1學期資通安全管理制度內部稽核結束會議"
112952, "113學年度會計學系第5次募款管理委員會"
112951, "三全教育中心113學年度第1學期資通安全管理制度內部稽核起始會議"
112950, "淡江大學教職員工第9屆退休福利儲金管理委員會財經小組第2次會議"
112949, "西班牙語文學系113(1)強化多元實務課程 -業師演講「電影 「Un cuento chino一絲偶然 」的阿根廷移民現象與生活」"
112948, "人工智慧學系113學年度第1學期第2次課程委員會會議"
112947, "淡江大學理學院教師評審委員會113學年度第5次會議記錄呈閱單"
112946, "淡江大學理學院教師評審委員會113學年度第5次會議"
112945, "113學年度第1學期第5次行政主管會報"
112944, "113學年度工學院淡品獎討論會議"
112943, "智慧大未來-113年12月份工作會議"
112942, "淡江大學AI創智學院人工智慧學系113年度智慧製造跨域整合人才培育聯盟計畫-人工智慧跨領域工作坊(12/24)簽到單"
112941, "日本語文學系_2025秋田國際教養大學研修團行前說明會"
112940, "尖端_業師請益活動"
112939, "淡江大學資訊工程學系113學年度第4次TQM小組會議"
112938, "淡江大學AI創智學院人工智慧學系113年度智慧製造跨域整合人才培育聯盟計畫-人工智慧跨領域工作坊(12/23)簽到單"
112937, "增設調整院系所學位學程及招生名額總量審查小組 115學年度第2次小組會議"
112936, "2024境外生節慶文化-冬至活動"
112935, "2025全國大專校院外交與國安決策模擬營第三次籌備會議"
112934, "113-1軍訓室資通安全管理制度內部稽核結束會議"
112933, "113-1軍訓室資通安全管理制度內部稽核起始會議"
112932, "數位課程設計行不行"
112931, "113學年度教育學院「國際化策進委員會」暨「全英語教學推動小組」會議"
112930, "113年度第1學期教務處個資內部稽核結束會議"
112929, "113年度第1學期教務處個資內部稽核起始會議"
112928, "教育學院113學年度第1學期第4次系所中心主管會議簽到"
112927, "淡江大學AI創智學院教師評審委員會113學年度第5次會議紀錄"
112926, "淡江大學AI創智學院教師評審委員會113學年度第5次會議"
112925, "淡江大學113學年度工學院教師評審委員會第9次會議紀錄"
112924, "淡江大學113學年度工學院教師評審委員會第9次會議"
112923, "淡江大學教育科技學系系務會議113學年度第1學期第6次會議"
112922, "淡江大學教育學院教育科技學系課程委員會113學年度第1學期第2次會議"
112921, "淡江大學教育科技學系113學年度第1學期第4次TQM會議"
112920, "113學年度第1學期圖書館資通安全管理制度內部稽核_結束會議"
112919, "113學年度第1學期圖書館資通安全管理制度內部稽核_起始會議"
112918, "永續發展與社會創新中心113學年度第3次業務會議"
112917, "淡江大學大學社會責任實踐計畫辦公室114年度第1次室務會議"
112916, "淡江大學理學院「應用數學與數據科學學系113學年度第1學期第2次系務會議」"
112915, "專題講座:從「學姐」變成「阿姨」的教學歷程與挑戰(學動組郭馥滋老師)"
112913, "淡江大學理學院物理學系113學年度第2學期第1次系務會議"
112912, "淡江大學物理系招生委員會113學年度第2次會議"
112911, "「特殊應用積體電路設計」課程觀課交流(電機工程學系楊維斌教授)"
112910, "教學工作坊:讓我們一起享受EMI課程(國企系孫嘉祈教授)"
112909, "「西班牙語會話（二）」課程觀課交流(西語系張芸綺副教授)"
112908, "專題講座:我的教學旅程(風險管理與保險學系繆震宇教授)"
112907, "113學年度社團指導老師座談會"
112906, "淡江大學校友服務暨資源發展處113年度處務會議"
112905, "淡江大學校友服務暨資源發展處113年12月TQM小組會議"
112904, "校友處 113學年度資通安全管理制度內部稽核結束會議"
112903, "校友處 113學年度資通安全管理制度內部稽核起始會議"
112902, "圖書館數位資訊組113學年度第4次TQM小組會議"
112901, "淡江大學國際事務學院全球政治經濟學系113學年度第1學期第4次TQM會議"
112900, "淡江大學理學院應用數學與數據科學學系課程委員會113學年度第1次會議"
112899, "資訊處收據管理系統展示"
112898, "機械與機電工程學系113學年度第1學期第4次全面品質管理小組會議"
112897, "淡江大學國際事務學院招生委員會114學年度第1學期第2次會議"
112896, "淡江大學國際事務學院教師評審委員會113學年度第5次會議"
112895, "夏日學校計畫討論會議"
112894, "外語學院佳津貿易有限公司講座: 蔡以倫講者，講題:淡水文創產業的永續發展"
112893, "商管學院獎學金審查委員會113學年度第3次會議"
112892, "淡江大學113學年度商管學院教師評審委員會第6次會議 (陳閱單)"
112891, "淡江大學113學年度商管學院教師評審委員會第6次會議 (簽到單)"
112890, "淡江大學工學院電機工程學系113學年度第1學期第3次系務會議"
112889, "113(1)人工智慧學系專題演講「智慧轉型：人工智慧在工作流程自動化的潛力與挑戰」"
112888, "淡江大學工學院電機工程學系113學年度第1學期第4次系學審委員會議"
112887, "淡江大學俄國語文學系教師評審委員會113學年度第3次會議"
112886, "淡江大學俄國語文學系教師評審委員會113學年度第3次會議陳閱單"
112885, "工學院 113 學年度第 2 次教師升等外審審查委員提名小組審查會議"
112884, "資訊處"
112883, "淡江大學財務處預算組113年12月份TQM小組會議"
112882, "113學年度行副室個人資料管理制度內部稽核結束會議"
112881, "淡江大學第15屆淡江品質獎複審順序抽籤"
112880, "淡江大學113學年度第1學期教育科技學系第2次學生校外實習委員會會議"
112879, "淡江大學文學院資訊與圖書館學系113學年度第1學期第2次TQM會議"
112878, "領隊暨導遊人員輔導考照研習課程"
112877, "校長室113學年度第1學期個人資料管理制度內部稽核結束會議"
112876, "校長室113學年度第1學期個人資料管理制度內部稽核起始會議"
112875, "工學院暨AI創智學院 113學年度第1學期「冬至溫馨茶話會~緣來在E起」"
112874, "114學年度起「英文（一）」實習課改開1節課相關事宜協調會"
112873, "淡江大學商管學院風險管理與保險學系教師評審委員會113學年度第7次會議(陳閱單)"
112872, "淡江大學商管學院風險管理與保險學系教師評審委員會113學年度第7次會議"
112871, "淡江大學113學年度工學院航空太空工程學系教師評審委員會第6次會議(簽退)簽到單"
112870, "淡江大學113學年度工學院航空太空工程學系教師評審委員會第6次會議(簽到)簽到單"
112869, "大語言模型應用與開發實務(一)"
112868, "114學年度國際企業學系碩士在職專班同等學力第7條報考資格審查會議"
112867, "淡江大學商管學院經濟學系113學年度第1學期第2次系務會議"
112866, "113學年度第1學期勞工退休準備金監督委員會會議"
112865, "113年度個人資料侵害事件通報與處理演練"
112864, "113年度軍訓室年度工作檢討會提報事項討論會議"
112863, "教育學院113學年度林健祥學長獎學金頒獎典禮"
112862, "【微學分】AI實作體驗工作坊-「LINE QA 機器人」場次08"
112861, "2024USR年報資料繳交說明會"
112860, "人力資源處113學年度第3次處務會議"
112859, "淡江大學學生事務處住宿輔導組113學年度第1學期第4次TQM會議"
112858, "淡江大學文學院113學年度第1學期募款委員會第3次會議"
112857, "聖誕燭光下的性與健康對話"
112856, "淡江大學累積賸餘款基金投資管理委員會第2屆第1次會議"
112854, "2024淡江音樂季 《長笛、法國號、雙簧管與鋼琴的音樂饗宴》"
112853, "演講：AI在體育課備課上的應用"
112852, "【微學分】AI實作體驗工作坊-「LINE QA 機器人」場次07"
112851, "一級單位（含）以上主管資訊安全宣導講習"
112850, "好眠實驗室- 找出最適合你的睡眠配方"
112849, "淡江大學會計學系113學年度第3次學生校外實習委員會"
112848, "淡江大學國際處113學年度第1學期第3次處務會議"
112847, "跟痠痛說掰掰，成為頂「肩」高手講座"
112846, "淡江大學113學年度第1學期教學助理評量 跨單位工作協調會"
112845, "113年度通核中心個資演練會議"
112844, "113學年度第1學期境外生導師座談會"
112843, "113學年度第1學期歲末工作報告"
112842, "淡江大學商管學院運輸管理學系113學年度第1學期第2次TQM會議"
112840, "學生打工及步入職場時的勞動保障說明會"
112839, "淡江大學理學院化學學系113學年度第6次教師評審委員會-會議紀錄"
112838, "淡江大學理學院化學學系113學年度第6次教師評審委員會"
112837, "淡江大學商管學院運輸管理學系學生校外實習委員會113學年度第1次會議"
112836, "淡江大學商管學院運輸管理學系113學年度第1學期第2次課程委員會會議"
112835, "淡江大學商管學院運輸管理學系113學年度第1學期第2次系務會議"
112834, "113產學接軌增能就業-業師請益_1211"
112833, "淡江大學商管碩士在職專班EMBA 2024年第10次 歲末聯歡籌備會"
112830, "淡江大學理學院113學年度第2次募款管理委員會議"
112829, "遠傳電信股份有限公司委託研究計畫案契約書審議"
112828, "淡江大學商管學院產業經濟學系學生校外實習委員會113學年度第1學期第2次會議"
112827, "圖書館數位資訊組113學年度第2次組務會議"
112826, "工學院113學年度第1學期獎勵師生參加校外學術競賽補助排序會議"
112825, "113學年度第1學期工學院防災暨防空疏散避難演練 第3次演練檢討會議"
112824, "113學年度第1學期工學院防災暨防空疏散避難演練"
112823, "113學年度海外教育展參展人員交流座談會"
112822, "新北市AI白皮書 會前會"
112821, "113學年度第1學期會計學系系獎學金會議"
112820, "ipad與教學活動(師培中心李世忠教授)"
112819, "AI時代的備課百寶箱(學動組陳文和副教授)"
112818, "淡江大學師資培育中心113學年度第1學期第2次教師證書審查委員會議"
112817, "淡江大學師資培育中心113學年度第1學期第4次TQM小組會議"
112816, "淡江大學師資培育中心113學年度第1學期第5次中心會議"
112815, "統計學系113學年度第2學期學生校外實習行前說明會"
112814, "113(1) 德國語文學系期末餐敘"
112813, "淡江大學113學年度境外生入學獎學金頒獎典禮"
112812, "工學院113(1)大樓逃生演練避難引導組預演"
112811, "113學年度淡江大學產業經濟學系頂石課程成果展"
112810, "113學年度有蓮獎學金頒獎典禮工作人員簽到"
112809, "國際事務與戰略研究所碩士論文公開發表會"
112808, "淡江大學113學年度第1學期未來化委員會第1次會議"
112807, "淡江大學商管學院113學年度第2次獎學金審查委員會"
112806, "新研究案資訊管理系統"
112805, "113學年度商管學院個人資料管理制度內部稽核行前會議"
112804, "113學年度商管學院個人資料侵害事件處理演練"
112803, "國際觀光管理學系全英語學士班113學年度第1學期第4次TQM會議"
112802, "113學年度第1學期「審計實務」成果發表會"
112800, "管理企劃組113學年度第1學期第3次組務會議"
112799, "人工智慧學系113學年度教師評審委員會第5次會議陳閱單"
112798, "人工智慧學系113學年度教師評審委員會第5次會議"
112797, "淡江大學航空太空工程學系113學年度第1學期第4次TQM會議"
112796, "資訊處ISO 27001:2022改版討論會"
112795, "圖書館伺服器維護及資安管理協調會"
112794, "2025淡江戰略學派年會籌備會"
112793, "智匯四海-工學院學生國際交流分享會"
112792, "淡江大學圖書館採編組113學年度第2次組務會議"
112791, "淡江大學文學院歷史學系教師評審委員會113學年度第6次會議陳閱單"
112790, "淡江大學文學院歷史學系教師評審委員會113學年度第6次會議簽到單"
112789, "淡江大學教務處招生策略中心TQM小組113學年度第3次會議"
112788, "淡江大學工學院化學工程與材料工程學系113學年度第4次TQM小組會議"
112787, "113學年度第1學期會計學系系獎學金委員會"
112786, "淡江大學創辦人張建邦博士暨張姜文錙伉儷熊貓講座基金管理委員會第3屆第4次會"
112785, "113-1-8資訊處主管工作會議"
112784, "微軟 MCF AZ-900 國際證照考試工作坊（Day2）"
112783, "微軟 MCF AZ-900 國際證照考試工作坊（Day1）"
112782, "【體育處大師演講】當代運動管理國際學術研究：近期發展、趨勢與未來方向"
112781, "人力資源處職能福利組113年12月份TQM小組會議議程"
112778, "人力資源處職能福利組113學年度第3次組務會議"
112777, "校務發展計畫主軸八113學年度第2期管考會議"
112776, "航太系特約講習_田豐老師"
112775, "淡江大學113學年度第1學期商管學院財務金融學系第2次系務會議"
112774, "英文系--國科會大專生研究計畫申請及學士班學生先修碩士班課程說明會"
112773, "淡江大學體育事務處募款委員會113學年度第2次會議"
112772, "淡江大學英文學系募款委員會113學年度第2次會議"
112771, "部落文化巡禮-特富野 山林見習"
112770, "淡江大學工學院電機工程學系113學年度教師評審委員會第8次會議紀錄"
112769, "113學年度第1學期教學助理專業成長社群成果分享"
112768, "Turnitin教師版（線上）"
112767, "Turnitin學生版（線上）"
112766, "113年11月資產組TQM會議"
112765, "淡江大學文學院教師評審委員會113學年度第6次會議 陳閱單"
112764, "淡江大學文學院教師評審委員會113學年度第6次會議"
112763, "淡江大學工學院電機工程學系113學年度教師評審委員會第8次會議"
112762, "淡江大學商管學院 113學年度第7次系教評 陳閱單"
112761, "淡江大學商管學院 113學年度第7次系教評 簽到表"
112760, "【微學分】AI實作體驗工作坊-「AI分析語言情緒」場次06"
112759, "資訊處遠距中心113年12月TQM小組會議"
112758, "113年度商管學院產業經濟學系教師評審委員會第6次會議陳閱"
112757, "113年度商管學院產業經濟學系教師評審委員會第6次會議"
112756, "113學年度提升導師輔導知能研習"
112755, "淡江大學113學年度商管學院經濟學系教師評審委員會第8次會議陳閱單"
112754, "淡江大學113學年度商管學院經濟學系教師評審委員會第8次會議"
112753, "商管學院113學年度第5次募款管理委員會"
112752, "淡江大學經濟學系114學年度學士班特殊選才招生書面資料審查委員會"
112751, "菸害防制科技執法暨校園安全協調會"
112750, "研究發展處產學推動例會(113年11月)"
112749, "2025全國大專校院外交與國安決策模擬營第二次籌備會議"
112748, "113學年度淡江大學教育科技學系教學實踐計畫執行經驗分享"
112747, "113年度個人資料侵害事件通報與處理單(演練用) 教務處結束會議簽到單"
112746, "113年度個人資料侵害事件通報與處理(演練用) 教務處會議簽到單"
112745, "113年度個人資料侵害事件通報與處理單(演練用) 教務處起始會議簽到單"
112744, "114學年度會計系大學部學士班學生先修碩士班課程與國科會補助大專生計畫說明會"
112743, "淡江大學化學學系113學年度第1學期第2次系務會議"
112742, "113學年度第1學期第2次化學系募款委員會會議"
112741, "EMBA 2024歲末聯歡主持人會議"
112740, "淡江大學外國語文學院西班牙語文學系教師評審委員會113學年度第5次會議紀錄陳閱"
112739, "淡江大學外國語文學院西班牙語文學系教師評審委員會113學年度第5次會議"
112738, "113 學年度第 1 學期工學院防災暨防空疏散避難演練 第 2 次演練任務、分工協調會及各分組預演"
112737, "淡江大學理學院物理學系113學年度第1學期第2次系務會議"
112736, "淡江大學工學院113學年度第1學期第2次募款委員會會議"
112735, "淡江大學國際事務學院募款管理委員會113學年度第1學期第4次會議"
112734, "淡江大學外語學院教師評審委員會113學年度第5次會議陳閱單"
112733, "淡江大學外語學院教師評審委員會113學年度第5次會議"
112732, "淡江大學商管學院資訊管理學系113學年度第1學期第2次TQM會議"
112730, "資訊處教學支援組113年12月TQM小組會議"
112729, "淡江大學中國文學學系課程委員會113學年度第1學期第3次會議"
112728, "淡江大學中國文學學系113學年度第1學期第3次系務會議"
112727, "德國語文學系－企業實習說明會指南：想實習的來這場"
112726, "淡江大學會計學系113學年度第1學期第2次系務會議"
112725, "淡江大學學生事務處衛生保健組113學年度第1學期第4次TQM會議"
112724, "大學入學考試中心114學年度學科能力測驗監試及試務人員說明會"
112723, "淡江大學國際事務學院全球政治經濟學系113學年度第1學期第3次系募款委員會會議"
112722, "淡江大學113學年度財務金融學系教師評審委員會第12次會議(陳閱單)"
112721, "淡江大學總務處服務行銷小組113學年度第2次會議"
112720, "113學年度招生策略中心個人資料侵害事件演練"
112719, "淡江大學 114年度教育部教學實踐研究計畫校內審查會議"
112718, "淡江大學教務處教師教學發展中心 TQM小組113學年度第4次會議"
112717, "永續中心組長會議"
112716, "先進量子計算中心主題演講系列Ⅱ–超導量子電腦的設計與建構（113學年度淡江大學教師專業成長社群）"
112715, "淡江大學體育事務處教師評審委員會113學年度第10次會議"
112714, "淡江大學體育事務處教師評審委員會113學年度第10次會議會議紀錄"
112713, "淡江大學教育學院教育心理與諮商研究所113學年度第1學期第4次所務會議"
112712, "113學年度校園安全維護會議"
112711, "工學院「緊急事故應變處理」及「人員急救救護」演練"
112710, "軍訓室室務會議"
112709, "113學年度第一學期工讀生一般安全衛生教育訓練暨工作檢討會"
112708, "113學年度第一學期工讀生一般安全衛生教育訓練暨工作檢討會"
112707, "AI與戰爭：人工智慧武器化的戰爭倫理思考"
112706, "融入ESG的國際企業實習課程"
112705, "114學年度碩博士班甄試/學士班特殊選才招生考試試務及監試人員說明會"
112704, "台北校園自衛消防演練(113/12/12)"
112703, "性別意識培力-常見的性平法律議題"
112702, "淡江大學113學年度第1次教師資格審查認可作業推動小組會議"
112701, "淡江大學商管學院企業管理學募款管理委員會議113學年度第2次會議"
112700, "淡江大學圖書館參考組113學年度第3次TQM小組會議"
112699, "淡江大學大學社會責任推動委員會113學年度第1次會議"
112698, "114學年度第二次高中英語聽力測驗監試說明會"
112697, "113-1「社會議題探索暨實踐課程」專題7部落旅行「宜蘭原創館」"
112696, "淡江大學理學院物理學系113學年度第4次課程委員會會議"
112695, "113學年度修繕採購委員會第4次會議"
112694, "淡江大學商管學院風險管理與保險學系學生校外實習委員會113學年度第2次會議"
112693, "學生事務處113 學年度第2次主管會議"
112692, "淡江大學113學年度商管學院企業管理學系教師評審委員會第7次會議紀錄陳閱單"
112691, "淡江大學體育事務處體育教學與活動組113學年度第1學期第3次TQM會議紀錄"
112690, "2024年英文系感恩節晚會 (限英文系)"
112689, "淡江大學體育事務處體育教學與活動組113學年度第1學期第3次TQM會議"
112688, "俄文系教師成長社群講座【AI如何幫助多國語言學習】講者:黃美娥經理"
112687, "淡江大學機械系113學年度第8次教師評審委員會（會簽單）"
112686, "淡江大學機械系113學年度第8次教師評審委員會"
112685, "如何撰寫學位論文"
112683, "淡江大學商管學院 113學年度第 6 次系教評 陳閱單"
112682, "TEST"
112681, "德國語文學系 - 淡江大學外國語文學「佳津補助講座」：導遊實務經驗分享"
112679, "教育與未來設計學系全英語授課教師社群"
112678, "圖書館數位資訊組113學年度第3次TQM小組會議"
112677, "AI創智學院「多元與創新」教學研習活動-應用iClass PED輔助教師教學創新與學習成效提升"
112676, "資訊處校務資訊組113年11月TQM小組會議"
112675, "里山里海USR教學設計"
112674, "資工精準智慧創新跨領域研究社群_1131128"
112673, "智慧推薦創新跨領域研究社群_1131210"
112672, "里山里海USR教學設計"
112671, "里山里海USR創新應用"
112670, "淡江大學學生事務處住宿輔導組113學年度第1學期第3次組務會議"
112669, "淡江大學商管學院 113學年度第 6 次系教評"
112668, "淡江大學水資源及環境工程學系113學年度第1學期第3次全面品質管理小組會議"
112667, "機械與機電工程學系 113學年度第1學期學生校外實習委員會第3次會議"
112664, "淡江大學工學院空襲疏散演練"
112663, "淡江大學學生獎懲委員會113學年度第1學期第1次會議"
112662, "淡江大學113學年度財務金融學系教師評審委員會第11次會議(陳閱單)"
112661, "淡江大學土木工程學系113學年度第1學期第3次TQM小組會議"
112660, "校務評鑑簽到"
112659, "113學年度第1學期第4次行政主管會報"
112658, "EndNote基礎班（Windows）"
112657, "113 學年度第 1 學期「個人資料保護與管理制度」研習課程-第2梯次"
112656, "113 學年度第 1 學期「個人資料保護與管理制度」研習課程-第1梯次"
112655, "淡江大學AI創智學院113學年度第1學期第2次TQM會議"
112654, "淡江大學AI創智學院教師評審委員會113學年度第4次臨時會議紀錄"
112653, "淡江大學AI創智學院教師評審委員會113學年度第4次臨時會議"
112652, "教育學院教育與未來設計學系【大師演講】"
112651, "淡江大學113學年度第1學期第2次工學院TQM會議簽到單"
112650, "淡江大學工學院資訊工程學系招生委員會114學年度第2次會議"
112649, "淡江大學資訊工程學系113學年度第1學期第2次課程委員會會議"
112648, "淡江大學資訊工程學系113學年度第1學期第2次系務會議"
112647, "工作人員說明會"
112646, "淡江大學學務處衛生保健組 113 學年度第 1 學期第 2 次組務會議"
112645, "【微學分】AI實作體驗工作坊-「AI分析語言情緒」場次05"
112644, "113資產組組務會議"
112643, "ICSC資訊處抽獎"
112642, "演講：碳定價與我們的關係"
112641, "新媒體工作小組第2次召集會議"
112640, "淡江大學圖書館校史組113學年度第3次TQM小組會議"
112639, "戰勝體脂肪 享瘦挑戰賽_健康飲食享瘦成果發表會"
112638, "淡江大學113學年度工學院教師評審委員會第8次臨時會議簽退"
112637, "淡江大學113學年度工學院教師評審委員會第8次臨時會議"
112636, "淡江大學師資培育中心113學年度第1學期第3次導生座談會"
112635, "電機系113學年度教師專業成長社群--「電機永續發展社」第2次活動"
112634, "俄文系TQM小組113學年度第1學期第3次會議"
112633, "會計學系113學年度第1學期第2次TQM會議"
112632, "2024第十九屆鍾靈化學創意競賽第3次籌備會議"
112631, "教育學院113學年度感恩餐會"
112630, "淡江大學學生事務處生輔組113學年度第1學期第3次TQM會議"
112629, "AI時代下的高效資料蒐集術"
112628, "教育學院「多元與創新」教學研習活動-AI融入創新教學工作坊"
112627, "科技素養教學社群 (淡小虎教學助理)"
112626, "淡江大學學術副校長室113學年度第3次院長會議"
112625, "科技素養教學社群 (用AI寫程式)"
112624, "淡江大學學術副校長室113學年度第4次院長會議"
112623, "德國語文學系－激發學習動機：自主學習在外語文化教學中的應用社群：外語教學的啟發：自主學習在台德經貿課程中的應用"
112622, "淡江大學德國語文學系TQM小組 113學年度第1學期第3次會議"
112621, "淡江大學水資源及環境工程學系舉辦大師演講-Dr. Pongsak (lek) Noophan(泰國農業大學副教授)"
112620, "113學年度「淡江大學教師專業成長社群」-以全英語教學之資訊課程對於大學社會責任的影響第2次"
112619, "淡江大學師生赴陸教育交流行前說明會"
112618, "淡江大學工學院水資源及環境工程學系教師評審委員會 113學年度第5次會議(陳閱單)"
112617, "淡江大學工學院水資源及環境工程學系教師評審委員會 113學年度第5次會議(簽到單)"
112616, "2024智慧大未來講座- AI導入語言模型暨微軟新解密"
112615, "淡江大學外國語文學院日本語文學系 113學年度教師評審委員會第4次會議陳閱"
112614, "淡江大學外國語文學院日本語文學系 113學年度教師評審委員會第4次會議"
112613, "淡江大學智慧照護產業學研究所113學年度第1學期第2次所務會議"
112612, "淡江大學會計學系113學年度第1學期第2次中級會計學教學研究會議"
112611, "淡江大學高齡健康管理學研究所113學年度第1學期第2次所務會議"
112610, "「淡江e筆雙軌發展研發計畫」113 學年度第1學期第3次會議"
112609, "淡江大學文錙藝術中心113學年度第3次TQM小組會議"
112608, "113學年度淡水校園學生宿舍性別平等教育活動：改寫戀愛劇本，學習伴侶關係雙贏"
112607, "淡江大學113學年度商管學院企業管理學系教師評審委員會第7次會議"
112606, "74週年校慶檢討會"
112605, "淡江大學工學院建築學系113學年度TQM小組第3次會議"
112604, "淡江大學113學年度商管學院資訊管理學系 教師評審委員會第7次會議簽到單"
112603, "淡江大學113學年度商管學院資訊管理學系 教師評審委員會第7次會議紀錄陳閱單"
112602, "化工與材料-如何找回學生學習的動力專業成長社群(第2場)-互動工具設計融入教學(二)"
112601, "113學年度第1學期工學院防災暨防空疏散避難演練 第1次演練任務及分工協調會"
112600, "淡江大學AI創智學院人工智慧學系113年度智慧製造跨域整合人才培育聯盟計畫簽到單"
112599, "113學年度外國語文學院國科會大專生專題研究計畫說明會"
112598, "113學年度第1學期推廣教育處各中心TQM小組第3次會議"
112597, "職涯導師諮詢"
112595, "淡江大學學生事務處住宿輔導組113學年度第1學期第3次TQM會議"
112594, "淡江大學人力資源處管理企劃組113學年度第3次TQM小組會議"
112593, "淡江大學招生委員會114學年度第3次會議"
112592, "AII測試"
112591, "統計學系113學年度第1學期第3次學生校外實習委員會議"
112590, "統計學系113學年度第1學期第3次系務會議"
112589, "淡江大學外國語文學院西班牙語文學系教師評審委員會113學年度第5次會議紀錄陳閱"
112588, "淡江大學外國語文學院西班牙語文學系教師評審委員會113學年度第5次會議"
112587, "113-1-7 資訊處主管工作會議-ICSC&E研討會檢討會議"
112586, "淡江大學商管學院公共行政學系113學年度第1學期第2次TQM會議簽到單"
112585, "淡江大學理學院TQM暨個資管理制度會議113學年度第3次會議"
112584, "演講：新式虛擬貨幣交易防詐：安全、透明、最OK！"
112583, "淡江大學商管學院風險管理與保險學系113學年度第1學期第2次TQM會議"
112582, "微軟 MCF AI-900 國際證照輔導工作坊"
112581, "國際觀光管理學系全英語學士班113學年度第1學期第2次募款委員會會議"
112580, "國際觀光管理學系全英語學士班113學年度第1學期第3次TQM會議"
112579, "淡江大學商管學院商管碩士在職專班113學年度第1學期第2次TQM會議"
112578, "【社評檔案整理工作坊】-檔案整理實務經驗分享"
112577, "淡江大學總務處 總務組113年11月TQM小組會議"
112576, "工學院機械與機電工程學系114學年度招生委員會第3次會議"
112575, "淡江大學工學院化學工程與材料工程學系 113 學年教師評 審委員會第9次會議 【簽退】"
112574, "淡江大學工學院化學工程與材料工程學系 113 學年教師評審委員會第 9 次會議 【簽到】"
112573, "日本語文學系_企業實習面試:那霸空港Air Express"
112572, "淡江大學第三屆全英語授課課程校園英語寫作競賽"
112571, "淡江大學113學年度第1學期物理學系&尖端學程班代表座談會"
112570, "113學年度國際專修部輔導要點討論會議"
112569, "機械與機電工程學系113學年度第1學期第3次全面品質管理小組會議"
112568, "113學年度淡水校園學生宿舍松濤館消防安全逃生演練活動"
112567, "淡江大學商管學院經濟學系招生委員會114學年度第2次會議"
112566, "淡江大學113學年度商管學院經濟學系教師評審委員會第7次會議陳閱單"
112565, "淡江大學113學年度商管學院經濟學系教師評審委員會第7次會議"
112564, "淡江大學教務處註冊課務發展中心TQM小組113學年度第3次會議"
112563, "領隊導遊專門職業人員考試輔導研習"
112562, "淡江大學創辦人張建邦博士暨張姜文錙伉儷熊貓講座基金管理委員會第3屆第4次會議"
112561, "淡江大學財務處113學年度第1學期第1次處務會議"
112560, "淡江大學商管學院風險管理與保險學系教師評審委員會113學年度第6次會議(陳閱單)"
112558, "淡江大學商管學院風險管理與保險學系教師評審委員會113學年度第6次會議"
112557, "自主學習之旅：長照ESG行銷(管科系陳水蓮教授)"
112556, "自主學習之旅：長照ESG行銷(管科系陳水蓮教授)"
112555, "113學年度建築系60週年系慶活動第3次籌備會議"
112554, "淡江大學英文學系113學年度第1學期第2次課程委員會議"
112553, "淡江大學113學年度商管學院國際企業學系教師評審委員會第6次會議紀錄陳閱單"
112552, "淡江大學 113 學年度商管學院國際企業學系教師評審委員會第 6 次會議"
112551, "淡江大學教育科技學系113學年度第1學期第3次TQM會議"
112550, "[熊貓講座]在AI時代對社會科學的影響和未來課題"
112549, "課程聯展開幕：勞動經濟學+覺生紀念圖書館"
112548, "文青帶著走-電子書資源介紹"
112547, "113學年度第1次雙語教學推動委員會會議"
112546, "淡江大學國際事務學院全球政治經濟學系113學年度第6次系教師評審委員會會議紀錄陳閱"
112545, "淡江大學圖書館採編組113學年度第3次TQM小組會議"
112544, "2024 12/3 電機週-電機系「創新創意競賽」"
112543, "2024 12/4 電機週-電機系「無人宅配之創意競賽」"
112542, "2024 12/5 電機週-電機系「頂石課程成果展」----電機資訊組"
112541, "2024 12/5 電機週-電機系「頂石課程成果展」----電機資訊組"
112540, "2024 12/4 電機週-電機系「頂石課程成果展」----電機與系統組"
112539, "2024 12/3 電機週-電機系「頂石課程成果展」----電機通訊組"
112538, "2024 12/2 電機週-電機系專題實驗成果展、創新創意競賽、無人宅配競賽佈場"
112537, "2024 12/4 電機週-電資組電機系專題說明會"
112536, "淡江大學圖書館典藏閱覽組113學年度第4次TQM小組會議"
112535, "2024 12/3 電機週-電機與系統組電機系專題說明會"
112534, "2024 12/2 電機週-電通組電機系專題說明會"
112533, "淡江大學教育科技學系系務會議113學年度第1學期第5次會議"
112532, "淡江大學體育事務處113學年度第1學期第3次TQM會議"
112531, "淡江大學水資源及環境工程學系113學年度第1學期第2次學術審議委員會會議"
112530, "淡江大學「113年度第三週期大學校院校務評鑑實地訪評」工作協調會"
112529, "淡江大學「113年度第三週期大學校院校務評鑑實地訪評」工作協調會"
112528, "淡江大學國際事務學院全球政治經濟學系113學年度第1學期第3次TQM會議"
112527, "淡江大學國際事務學院全球政治經濟學系113學年度第6次系教師評審委員會會議"
112526, "淡江大學114學年度全民國防教育軍事訓練課程學分討論會"
112525, "淡江大學114學年度探索系列課程設計討論會"
112524, "113學年度「大專校院雙語化學習計畫」第一次經費編列會議"
112523, "教務處通識與核心課程中心TQM小組113學年度第3次會議"
112522, "淡江大學AI創智學院人工智慧學系113學年度第1學期第2次獎學金委員會會議"
112521, "淡江大學AI創智學院人工智慧學系113學年度第1學期第3次TQM會議簽到單"
112520, "外語學院AI賦能研習活動系列講座第10場"
112519, "外語學院AI賦能研習活動系列講座第9場"
112518, "113學年度會計學系第4次募款管理委員會"
112517, "淡江大學113學年度第1學期第6次募款暨獎學金委員會議"
112516, "淡江大學資訊工程學系113學年度第3次TQM小組會議"
112515, "淡江大學總務處113學年度第1學期第2次主管會報"
112514, "【微學分】AI實作體驗工作坊-「AI分析語言情緒」場次04"
112513, "113學年國科會化學學門計畫說明暨共組團隊 申請整合計畫討論會議2"
112512, "淡江大學學生事務處衛生保健組 113 學年度第 1學期第 3次TQM 會議"
112511, "淡江大學校教師評審委員會113學年度第4次會議"
112510, "iClass 學習平台「學期成績上傳」工作坊"
112509, "外國語文學院日文系募款管理委員會會議113學年度第1次會議"
112508, "淡江大學蘭陽行政處113學年度第1學期第4次TQM小組會議"
112507, "淡江大學蘭陽行政處113學年度第1學期第4次教學與行政工作會報"
112506, "淡江大學累積賸餘款基金投資管理委員會113學年度第1次專家小組會議"
112505, "淡江大學「113年度歲末聯歡會」工作籌備會議"
112504, "人力資源處職能福利組113年11月份TQM小組會議"
112503, "113年度商管學院產業經濟學系教師評審委員會第5次會議陳閱"
112502, "113學年度商管學院產業經濟學系教師評審委員會第5次會議"
112501, "人工智慧導入長照場域原理與應用實務"
112500, "淡江大學資安暨個資稽核組113學年度第1學期第1次會議"
112499, "淡江大學文學院教師評審委員會113學年度第5次會議 陳閱單"
112498, "淡江大學文學院113學年度第1學期第4次系主任座談會"
112497, "資訊處前瞻技術組113年11月TQM小組會議"
112496, "學務處113學年度第1學期工作計畫執行績效評估會議"
112495, "淡江大學國際事務學院教師評審委員會113學年度第4次會議"
112494, "資訊處ISO 27001:2022改版討論會"
112493, "【微學分】AI實作體驗工作坊-「AI 影片多國語音轉譯」場次03"
112492, "國際處週會(1131118)"
112491, "MCF PL900：Power Platform Fundamentals商業智慧應用基礎認證研習"
112490, "MCF PL900：Power Platform Fundamentals商業智慧應用基礎認證研習"
112489, "MCF PL900：Power Platform Fundamentals商業智慧應用基礎認證研習"
112488, "MCF PL900：Power Platform Fundamentals商業智慧應用基礎認證研習"
112487, "『知識加值、學習升級』 淡江通識微學程與自主學習成果展場地布置"
112486, "『知識加值、學習升級』 淡江通識微學程與自主學習成果展"
112485, "『知識加值、學習升級』淡江通識微學程與自主學習成果展—「通識跨域與微學程座談—從自主學習到知識串聯」"
112484, "日本語文學系_企業實習面試:成田空港Terminal Service"
112483, "日本語文學系_企業實習說明會:成田空港Terminal Service"
112482, "日本語文學系_企業實習面試:銀山莊"
112481, "微軟 MCF AI-102 國際證照考試：AI Engineer Associate（AI-102）"
112480, "微軟 MCF AI-102 國際證照考試：AI Engineer Associate（AI-102）"
112479, "淡江大學文學院歷史學系教師評審委員會113學年度第5次會議陳閱"
112478, "淡江大學文學院歷史學系教師評審委員會113學年度第5次會議"
112477, "淡江大學國際事務學院國際事務與戰略研究所113學年度第1學期第2次所教師評審會議(陳閱單)"
112476, "淡江大學國際事務學院國際事務與戰略研究所113學年度第1學期第3次所教師評審會議"
112475, "淡江戰略大講堂系列活動－AI軍事運用的前瞻與反思"
112474, "淡江大學校教師評審委員會113學年度第3次臨時會議"
112473, "113學年第1學期第2次電腦維修服務隊隊員訓練"
112472, "三全教育中心113學年度第1次大三出國特殊個案會議議程"
112471, "2025 工學院機械與機電工程學系工程教育認證實地訪評11/19"
112470, "2025 工學院機械與機電工程學系工程教育認證實地訪評11/18"
112469, "淡江大學工學院暨AI創智學院暨精準健康學院歲末聯歡會表演第2次討論會議"
112468, "淡江大學秘書處文書組113年12月份TQM小組會議"
112467, "淡江大學三全教育中心113學年度第1學期第1次會議"
112466, "外交系113學年度「淡江大學教師專業成長社群」計畫第三次開會"
112465, "113學年度第1學期淡江大學化學系系主任與班代表座談會"
112464, "淡江大學資訊管理學系113學年度第3次募款會議"
112463, "淡江大學AI創智學院人工智慧學系113學年度第1學期全英語授課教師社群"
112462, "校務研究中心學生團隊研究分析課程第3次"
112461, "校務研究中心學生團隊研究分析課程第2次"
112460, "校務研究中心學生團隊研究分析課程第1次"
112459, "校務研究中心視覺化模組說明會議"
112458, "商管碩士在職專班 EMBA 2024年第7次 歲末聯歡籌備會"
112457, "114學年度國企系 EMBA 招生說明會"
112456, "第199次行政會議"
112455, "TQC EXCEL 2021專業級認證研習"
112454, "淡江大學113學年度商管學院國際企業學系教師評審委員會第6次會議紀錄陳閱單"
112453, "淡江大學校友服務暨資源發展處113年11月TQM小組會議"
112452, "俄文系教師成長社群講座【生成式AI融入語言教學之應用、方法和實用工具】講者:鄭培宇副教授"
112451, "淡江大學外國語文學院北海岸走讀踏查"
112450, "職涯導師諮詢"
112449, "淡江大學商管學院運輸管理學系113學年度第2次募款委員會議"
112448, "淡江大學113學年度商管學院運輸管理學系教師評審委員會第8次會議陳閱單"
112447, "淡江大學113學年度商管學院運輸管理學系教師評審委員會第8次會議簽到單"
112446, "淡江大學通識與核心課程中心113學年度第1學期成果展第2次討論會議"
112445, "淡江大學工學院電機工程學系113學年度教師評審委員會第7次會議紀錄"
112444, "淡江大學工學院電機工程學系113學年度教師評審委員會第7次會議"
112443, "智慧推薦創新跨領域研究社群_1131120"
112442, "淡江大學113學年度財務金融學系教師評審委員會第10次會議"
112441, "淡江大學教務處教師教學發展中心 TQM小組113學年度第3次會議"
112440, "淡江大學商管學院產業經濟學系113學年度第3次募款委員會議"
112439, "資訊處網路管理組113年11月TQM小組會議"
112438, "資訊處網路管理組113年12月TQM小組會議"
112437, "淡江大學大眾傳播學系教師評審委員會113學年度第5次會議紀錄陳閱"
112436, "國際企業學系113學年度產學實習說明"
112435, "iClass 上雲優化會議(第14次)"
112434, "淡江大學大眾傳播學系教師評審委員會113學年度第5次會議暨113學年度新聘專任教師面試"
112433, "淡江大學大眾傳播學系113學年度第1學期第2次系務會議"
112432, "113(一)遠距助教薪資說明會"
112431, "淡江大學113學年度工學院電機工程學系電通組教師評審委員會第1次會議"
112430, "「第八屆2024 ICSC&E 亞太智慧校園研討會」第 6 次籌備會議"
112429, "環安中心113年10月TQM小組會議"
112428, "2024第十九屆鍾靈化學創意競賽第2次籌備會"
112427, "淡江大學教育學院招生委員會114學年度第2次會議簽到表"
112426, "環安中心113年12月TQM小組會議"
112425, "環安中心113年11月TQM小組會議"
112424, "淡江大學會計學系113學年度第1學期系學會聚餐"
112423, "圖書館資源利用講習_歐陽崇榮老師"
112422, "研究發展處113學年度第1學期第2次業務會議"
112420, "國際企業學系113學年度大三出國選校說明會"
112419, "113學年度第1學期「學位論文提交服務」線上說明會"
112418, "淡江大學招生委員會114學年度第1次臨時會議"
112417, "資訊處遠距中心113年11月TQM小組會議"
112416, "淡江大學教育學院113學年度第1學期第3次系所中心主管會議"
112415, "淡江通識微學程與自主學習成果展—「從人的探索到看見地方—「教育部敘事力新創課程發展兩年計劃」回顧座談會"
112414, "出納組TQM小組會議113.11"
112413, "「創意生成：AI音樂與視覺創作」工作坊(英語帶領)"
112412, "淡江大學財務處預算組113年11月份TQM小組會議"
112411, "電機系113學年度第1學期第2次課程委員會議"
112410, "企業管理學系113學年度第1學期第2次TQM會議"
112409, "淡江大學第15屆淡江品質獎評審小組初審會議"
112408, "淡江大學國際事務學院外審審查委員小組會議113學年度第1次會議"
112407, "淡江大學航空太空工程學系113學年度第1學期第3次TQM會議"
112406, "事務整備組 113 年 11 月 TQM 小組會議"
112405, "113(1)外語學院佳津公司課堂講座_講者：自由譯者Javier Altayo老師 / 講題：「如何翻譯？我的譯作及翻譯策略」"
112404, "聰明主婦的無壓力持家術"
112403, "113(1)外語學院佳津公司課堂講座_講者：自由譯者Javier Altayo老師 / 講題：「如何翻譯？我的譯作及翻譯策略」"
112402, "電機系工程認證實地訪評說明會"
112400, "淡江大學113年度第三週期大學校院校務評鑑實地訪評（12/6）"
112399, "淡江大學113年度第三週期大學校院校務評鑑實地訪評（12/5）"
112398, "淡江大學113學年度商管學院公共行政學系教師評審委員會第4次會議陳閱單"
112397, "淡江大學113學年度商管學院公共行政學系教師評審委員會第4次會議簽到單"
112396, "歐洲時事論壇-美國總統大選後歐美關係走向觀察"
112395, "新聞真假掰-AI、假訊息與媒體素養"
112394, "113學年度第1學期「一、四、五年級班代表座談會」"
112393, "外國語文學院「多元與創新」教學研習: 以AI工具動手生成圖片、動畫及影片之教學素材"
112392, "外交系113學年度「淡江大學教師專業成長社群」計畫第二次開會"
112391, "淡江大學會計學系113學年度第2次學生校外實習委員會"
112390, "資訊與圖書館學系學生校外實習輔導委員會113學年度第1次會議"
112389, "淡江大學文學院資訊與圖書館學系系教師評審會議113學年度第7次會議(陳閱單)"
112388, "淡江大學文學院資訊與圖書館學系系教師評審會議113學年度第7次會議"
112387, "淡江大學教育與未來設計學系113學年度第1學期第2次系務會議"
112386, "淡江大學收據管理系統第5次討論會議"
112385, "113學年度修繕採購委員會第3次會議"
112384, "淡江大學113學年度工學院建築學系教師評審委員會第4次會議(陳閱單)"
112383, "淡江大學113學年度工學院建築學系教師評審委員會第4次會議"
112382, "淡江大學師資培育中心113學年度第1學期第3次TQM小組會議"
112381, "淡江大學師資培育中心113學年度第1學期第4次中心會議"
112380, "淡江大學師資培育中心113學年度師資培育獎學金續領第一次檢核會議"
112379, "研究發展處研究案系統進度討論會議"
112378, "淡江大學工學院暨AI創智學院113學年度第1學期第4次主管會議"
112377, "淡江大學圖書館典藏閱覽組113學年度第3次TQM小組會議"
112376, "淡江大學理學院物理學系113學年度第3次課程委員會議"
112375, "淡江大學工學院電機工程學系113學年度第1學期第3次TQM小組會議"
112374, "淡江大學工學院電機工程學系113學年度第1學期第3次系學審委員會議"
112373, "總務處113學年度第1學期校園空間研討會議"
112372, "113-1 淡江大學視障資源中心資源教室 資訊與圖書館學系 ISP會議"
112371, "國際處週會(1131111)"
112370, "淡江大學國際事務學院 「多元與創新」教學研習活動-增進溝通和批判性思考的良方：辯論式教學"
112369, "113學年度第1學期工學院防災暨防空疏散避難演練啟動會議"
112368, "產學合作獎勵要點草案研議小組會議"
112367, "淡江大學商管學院經濟學系113學年度第1學期第3次系務會議"
112366, "113學年度有蓮獎學金頒獎典禮籌備會"
112365, "測試_產學接軌"
112364, "產學接軌增能就業-參訪宜特科技公司"
112363, "會議活動 測試"
112362, "產業園區sbir活動會議"
112361, "淡江大學113學年度商管學院國際企業學系教師評審委員會第6次會議紀錄陳閱單"
112360, "淡江大學 113 學年度商管學院國際企業學系教師評審委員會第 6 次會議"
112359, "淡江大學特優教學助理遴選113學年度第1次會議"
112358, "工學院航空太空工程學系113學年度第1學期第2次系務會議"
112357, "機械與機電工程學系113學年度張聯雄清寒優秀獎學金頒獎典禮"
112356, "淡江大學教務處註冊課務發展中心TQM小組113學年度第2次會議"
112355, "教務處113學年度第1學期第1次招專計畫管考會議議程"
112354, "淡江大學化學工程與材料工程學系113學年度第1學期第1次工程教育認證推動小組會議"
112353, "化工與材料-如何找回學生學習的動力專業成長社群(第1場)-互動工具設計融入教學"
112352, "淡江大學兩岸教育交流注意事事項說明會"
112351, "西語系大三出國暨暑期遊學團報名說明會"
112350, "113校務發展計畫「產學接軌增能就業-業師請益」- 「學了西語，然後呢？」"
112349, "113校務發展計畫「產學接軌增能就業-業師請益」- 「墨西哥企業實習說明會暨墨西哥就業經驗分享」"
112348, "文學院資傳系113學年度第1學期第2次系務會議"
112347, "淡江大學113學年度資訊傳播學系系教師評審委員會第4次會議"
112346, "淡江大學113學年度資訊傳播學系系教師評審委員會第4次會議(會後)"
112344, "善用AI創造學習者與教學者的學習歷險"
112343, "淡江大學大眾傳播學系教師評審委員會113學年度第4次會議陳閱"
112342, "淡江大學大眾傳播學系教師評審委員會113學年度第4次會議"
112341, "工學院機械與機電工程學系 113年度智慧機械產學推動計畫-產業人才扎根分項計畫會議暨專題評分(113/11/7)"
112340, "113學年度第1學期會計學系洪清標獎助學金會議"
112339, "淡江大學第14屆 台灣米食節"
112338, "日本語文學系_企業實習系內面試"
112337, "外國語文學院主管會議113學年第1學期第3次會議"
112336, "高等教育深耕計畫「面向四：提升高教公共性」113年度第1次計畫書撰寫會議"
112335, "教務處招生策略中心113學年度第1學期工讀生教育訓練"
112334, "淡江大學113學年度會計學系教師評審委員會第7次會議陳閱單"
112333, "淡江大學113學年度會計學系教師評審委員會第7次會議"
112332, "淡江大學諮商職涯暨學習發展輔導中心113學年度第1學期第3次中心暨TQM會議"
112331, "淡江大學環境保護及安全衛生委員會113學年度第1次會議"
112330, "淡江大學外交與國際關係學系系教師評審委員會113學年度第3次會議(會議陳閱單)"
112329, "淡江大學外交與國際關係學系系教師評審委員會113學年度第3次會議"
112328, "「大學生不可不知的ESG」一日工作坊"
112327, "淡江大學國際化暨國際交流委員會113學年度第1次會議"
112326, "淡江大學教務處招生策略中心TQM小組113學年度第2次會議"
112325, "淡江大學文學院資訊與圖書館學系系教師評審會議113學年度第6次會議(陳閱單)"
112324, "淡江大學文學院資訊與圖書館學系系教師評審會議113學年度第6次會議"
112323, "招生委員會命題小組114學年度第1次會議"
112322, "電機系日間學制大學部115學年度起併組相關事項第二次協調會議"
112321, "淡江大學英文學教師評審委員會113學年度第6次會議"
112320, "淡江大學化學工程與材料工程學系113學年度工程教育認證外部諮詢委員會議"
112319, "圖書館網頁小組113學年度第1次會議"
112318, "德國語文學系－北士商尺規諮詢／高中端學習經驗分享"
112317, "113學年度校內永續管理師培訓課程-生態的永續不永續：淡江人x淡水存x淡淡的美麗與溫存"
112316, "淡江大學機械系113學年度第7次教師評審委員會（會簽單）"
112315, "淡江大學機械系113學年度第7次教師評審委員會"
112314, "淡江大學工學院水資源及環境工程學系教師評審委員會113學年度第4次會議(陳閱單)"
112313, "淡江大學工學院水資源及環境工程學系教師評審委員會113學年度第4次會議(簽到單)"
112312, "2024 研究發展處國科會專題研究計畫撰寫攻略工作坊"
112311, "日文系碩士班蒐集資料的方法"
112310, "外交系113學年度「淡江大學教師專業成長社群」計畫第一次開會"
112309, "國際處週會(1131105)"
112308, "國際處週會(1131028)"
112307, "日文系113學年度第1學期碩士班論文中間及構想發表會"
112306, "113學年度化學系大學部二年級系主任午餐座談暨系友職涯分享"
112305, "113學年度化學系大學部一年級系主任午餐座談暨系友職涯分享"
112304, "【全英語授課教師社群活動】透過 EMI 強化科學教育：有效教學策略"
112303, "淡江大學校教師評審委員會113學年度第3次會議"
112302, "2025淡江大學化工與材料研討會【簽退】"
112301, "淡江大學工學院化學工程與材料工程學系113學年度第3次TQM小組會議"
112300, "2025淡江大學化工與材料研討會【簽到】"
112299, "資訊處教學支援組113年11月TQM小組會議"
112298, "Ipass 會議活動名稱"
112297, "大園產業園區期末討論會議"
112296, "淡江大學工學院招生委員會114學年度第2次會議"
112294, "淡江大學高等教育深耕計畫113年度第3次室務會議"
112293, "淡江大學高等教育深耕計畫113年度第2次執行會議"
112292, "招生策略中心113學年度第1次中心會議"
112291, "113學年度第1學期推廣教育處各中心TQM小組第2次會議"
112290, "資通安全通識教育訓練"
112288, "有蓮獎學金校級審查委員會113學年度第2次會議"
112287, "淡江大學文學院教師評審委員會113學年度第5次會議 陳閱單"
112286, "淡江大學文學院教師評審委員會113學年度第5次會議"
112285, "淡江大學國際事務學院募款管理委員會113學年度第1學期第3次會議"
112284, "淡江大學教育學院教育心理與諮商研究所113學年度第1學期第3次所務會議"
112283, "以自主學習方式激發大學生的研究動機-以德文翻譯課程為例"
112282, "以自主學習方式激發大學生的研究動機-以德文翻譯課程為例"
112281, "商管學院113學年度第4次募款管理委員會"
112280, "國際觀光管理學系全英語學士班113學年度第5次教師評審委員會會議(陳閱單)"
112279, "國際觀光管理學系全英語學士班113學年度第5次教師評審委員會會議"
112278, "淡江大學外國語文學院日本語文學系113學年度第1學期系友回娘家活動"
112277, "淡江大學工學院「多元與創新」教學研習-從都市主義中誕生的建築"
112276, "外語學院AI賦能研習活動系列講座第8場"
112275, "外語學院AI賦能研習活動系列講座第7場"
112274, "俄文系AI生成影音工作坊(一) 講者:陳建彰 (淡江大學資工系教授)"
112273, "學教設計：永續行動中的教學實踐研究"
112272, "114年度教學實踐研究計畫說明會"
112271, "淡江大學工學院土木工程學系113學年度教師評審委員會第4次會議 ──紀錄"
112270, "淡江大學工學院土木工程學系113學年度教師評審委員會第4次會議"
112269, "淡江大學工學院 113 學年度第 1 學期第 4次院務會議"
112268, "淡江大學理學院物理學系獎學金委員會113學年度第2次會議"
112267, "113學年度第1學期 與系主任有約-班代表座談會開會通知"
112266, "EMI講座-The Role and Limits of ASEAN in the Indo-Pacific Era: Imperfect, Inadequate, but Indispensable"
112265, "iClass 學習平台「教學常見問題與新增功能介紹」(第二梯)"
112264, "iClass 學習平台「教學常見問題與新增功能介紹」(第一梯)"
112263, "113-1-6資訊處主管工作會議"
112262, "「第八屆2024 ICSC&E 亞太智慧校園研討會」第5次籌備會"
112261, "高等教育深耕計畫第二期資安強化專章撰寫內容討論會"
112260, "「第八屆2024 ICSC&E 亞太智慧校園研討會」第 4 次籌備會議"
112259, "原住民族學生資源中心：族語小教室-排灣語 (五)"
112258, "教育科技學系數位碩專班特約講習_何俐安老師"
112257, "傳染病防治說明會"
112256, "俄文系AI生成影音工作坊(二) 講者:陳建彰 (淡江大學資工系教授)"
112255, "TQC EXCEL 2021專業級認證研習"
112254, "資訊處校務資訊組113年10月TQM小組會議"
112253, "環境永續暨管理系統113學年度內部稽核會議"
112252, "2024 經濟倫理論壇"
112251, "2024淡江大學外交日Open House Day"
112250, "淡江大學113學年度商管學院公共行政學系教師評審委員會第3次會議陳閱單"
112249, "淡江大學113學年度商管學院資訊管理學系 教師評審委員會第6次會議陳閱單"
112248, "淡江大學113學年度商管學院公共行政學系教師評審委員會第3次會議簽到單"
112247, "淡江大學113學年度商管學院資訊管理學系 教師評審委員會第6次會議簽到單"
112246, "商管學院74週年校慶名譽博士慶賀茶會工作人員說明會"
112245, "淡江大學圖書館校史組113學年度第2次TQM小組會議"
112244, "113學年度淡江大學社團菁英獎勵金審查會"
112243, "淡江大學學生事務處課外活動輔導組113學年度第1學期第2次TQM會議"
112242, "淡江大學文學院113學年度第1學期導師會議"
112241, "淡江大學工學院土木工程學系招生委員會113學年度第1學期第2次會議"
112240, "114學年度中文系碩士班甄試入學說明會"
112239, "公文領取簽到-總務處"
112238, "領隊導遊人員輔導認證研習"
112237, "淡江大學教務處教師評審委員會113學年度第4次會議"
112236, "教務處通識與核心課程中心TQM小組113學年度第2次會議"
112235, "淡江大學德國語文學系TQM小組 113學年度第1學期第2次會議"
112234, "2025-2026年赴姊妹校交換生聯合甄選說明會"
112233, "113學年度第1學期總務處總務組第1次組務會議"
112232, "商管學院多元與創新教學研習活動"
112231, "電機系日間學制大學部115學年度起併組相關事項協調會議"
112230, "淡江大學文學院113學年度第1學期全英語教學推動小組會議"
112229, "淡江大學教務處教師教學發展中心 TQM小組113學年度第2次會議紀錄"
112228, "江大學國際事務學院國際事務與戰略研究所113學年度第1學期第2次TQM會議"
112227, "2025全國大專校院外交與國安決策模擬營第一次籌備會議"
112226, "出租爺奶輔導會議113-1022"
112225, "淡江大學體育事務處體育教學與活動組113學年度第1學期游泳館專職救生員工作協調會議紀錄"
112224, "淡江大學體育事務處體育教學與活動組113學年度第1學期游泳館專職救生員工作協調會議"
112223, "淡江大學國際事務學院全球政治經濟學系113學年度第1學期第2次系募款委員會"
112222, "歐洲時事論壇"
112221, "淡江大學水資源及環境工程學系113學年度第1學期第2次系務會議"
112220, "EMBA 2024 第6次歲末聯歡籌備會"
112219, "淡江大學外國語文學院日本語文學系113學年度第1學期第2次TQM會議"
112218, "「淡江e筆雙軌發展研發計畫」113 學年度第1學期第2次會議"
112217, "淡江大學文錙藝術中心113學年度第2次TQM小組會議"
112216, "俄文系TQM小組113學年度第1學期第2次會議"
112215, "淡江大學熊貓講座「健全學術的價值」"
112214, "日本語文學系演講交流會「語言是開拓世界的入口」"
112213, "淡江大學工學院化學工程與材料工程學系 113 學年教師評審委員會第 8 次會議 【簽到】"
112212, "淡江大學工學院化學工程與材料工程學系 113 學年教師評 審委員會第8次會議 【簽退】"
112211, "淡江大學人力資源處管理企劃組113學年度第2次TQM小組會議"
112210, "【微學分】AI實作體驗工作坊-「AI 影片多國語音轉譯」場次02"
112209, "淡江大學工學院機械與機電工程學系114學年度招生委員會第2次會議"
112208, "淡江大學機械系113學年度第1學期第2次系務會議"
112207, "淡江大學土木系113學年度第1學期第2次系務會議"
112206, "淡江大學土木工程學系113學年度第1學期第2次TQM小組會議"
112205, "國際處週會(1131028)"
112204, "淡江大學工學院建築學系113學年度第1學期第2次系務會議"
112203, "教育與未來設計學系特約講習_鄧建邦老師"
112202, "中文系碩士班研究所講習_周德良老師"
112201, "淡江戰略大講堂系列活動-地緣政治與大國競爭：以俄烏戰爭為例"
112200, "AREMOS 經濟統計資料庫系統介紹（經濟學系舉辦）"
112199, "113(1)德國語文學系大三出國分享會"
112198, "113學年度第1學期第3次行政主管會報"
112197, "統計學系112學年度第6次教師評審委員會議陳閱單"
112196, "統計學系113學年度第6次教師評審委員會議"
112195, "淡江大學財務處會計組113年12月份ＴＱＭ小組會議"
112194, "淡江大學財務處會計組113年11月份ＴＱＭ小組會議"
112193, "淡江大學商管學院資訊管理學系113學年度第1學期第1次TQM會議"
112192, "淡江大學學生事務處住宿輔導組113學年度第1學期第2次組務會議"
112191, "淡江大學學生事務處生輔組113學年度第1學期第2次TQM會議"
112190, "「第八屆2024 ICSC&E 亞太智慧校園研討會」第3次籌備會議"
112189, "113年度高等教育深耕計畫面向一第1次面向會議"
112188, "113學年度教學與行政革新研討會"
112187, "淡江大學研究推動委員會113學年度第1次會議"
112186, "國際觀光管理學系全英語學士班113學年度第1學期第2次TQM會議"
112185, "學生獎助學金委員會113學年度第1學期會議"
112184, "淡江大學圖書館參考組113學年度第2次TQM小組會議"
112183, "淡江大學第二期第二階段高教深耕計畫面向二第1次撰寫工作會議"
112182, "淡江大學學術審議委員會第168次會議"
112181, "淡江大學學術副校長室113學年度第2次院長會議"
112180, "淡碳綠生活-布藝young校園與社區服務學習活動(教科一)"
112179, "淡江大學工學院電機工程學系113學年度第1學期第2次TQM小組會議"
112178, "【微學分】AI實作體驗工作坊-「AI 影片多國語音轉譯」場次01"
112174, "工學院機械與機電工程學系113年度智慧機械產學推動計畫- 產業人才扎根分項計畫會議暨專題評分(113/10/24)"
112173, "淡江大學圖書館採編組113學年度第2次TQM小組會議"
112172, "淡江大學AI創智學院人工智慧學系113學年度第1學期第2次TQM會議簽到單"
112171, "日本語文學系_企業實習說明會:銀山莊"
112170, "【招生專業化發展計畫】108課綱與學習歷程說明會"
112169, "工學院機械與機電工程學系113學年度第1學期第3次系獎學金會議"
112168, "水環系114學年度碩士班甄試說明會"
112167, "學生團隊研究分析課程（二）"
112166, "學生團隊研究分析課程（一）"
112165, "第92次校務會議"
112164, "113學年度外語學院大師演講：法國的美好年代在台灣(法文系辦理)"
112163, "電機系特約講習_何政昌老師"
112162, "外國語文學院日本語文學系獎學金委員會113學年度第1學期第1次會議"
112161, "淡江大學工學院建築學系113學年度TQM小組第2次會議"
112160, "113學年度「延攬國際人才招募境外碩博士研究生」申請案審查小組會議"
112159, "電機系113學年度教師專業成長社群--「電機永續發展社」第1次活動"
112158, "113學年度第1學期「延攬國際人才招募境外碩博士研究生」申請案審查小組會議"
112157, "淡江大學113學年度驗收作業協調會議議程"
112155, "淡江大學蘭陽校園113學年度第1學期第3次教學與行政工作"
112154, "淡江大學蘭陽行政處113學年度第1學期第3次TQM小組會議"
112153, "淡江大學學生事務處衛生保健組(中心)113學年度第1學期第2次TQM會議"
112152, "化學學系系友職涯分享: AI-XR產品研發與STEAM科技教育市場的經驗分享"
112151, "113學年度校內永續管理師培訓課程-永續金融將改變台灣的經濟版圖"
112150, "113學年度教育學院教育科技學系取得先修碩士班課程資格學生暨榮譽及學分學程、雙主修、輔系、輔修招生說明會"
112149, "淡江大學師資培育中心114學年度中等學校教育實習分發說明會"
112148, "淡江大學體育事務處教師評審委員會113學年度第9次會議會議紀錄"
112147, "淡江大學113學年度工學院航空太空工程學系教師評審委員會第5次會議（會簽單）"
112146, "淡江大學113學年度工學院航空太空工程學系教師評審委員會第5次會議（簽到單）"
112145, "以心智圖與曼陀羅為鷹架輔助素養導向遊戲式教案設計之實務評估"
112144, "淡江大學水資源及環境工程學系113學年度第1學期第2次全面品質管理小組會議"
112143, "淡江大學體育事務處教師評審委員會113學年度第9次會議"
112142, "淡江大學商管學院產業經濟學系綜合規劃組113學年度第1學期第1次會議"
112141, "節能與空間組113年11月TQM會議"
112140, "節能與空間組113年10月TQM會議簽到"
112139, "淡江大學教學優良獎勵審查委員會113學年度會議(經驗分享)"
112138, "113學年度第一學期吳榮彬先生獎學金頒獎典禮"
112137, "113學年度淡江大學境外新生約談馬來西亞新生"
112136, "淡江大學體育事務處體育教學與活動組113學年度第1學期第2次TQM會議-紀錄"
112135, "淡江大學體育事務處體育教學與活動組113學年度第1學期第2次TQM會議-議程"
112134, "淡江大學國際事務學院全球政治經濟學系113學年度第1學期第2次TQM會議"
112133, "淡江大學AI創智學院人工智慧學系113年度智慧製造跨域整合人才培育聯盟計畫簽到單"
112132, "原住民族學生資源中心：族語小教室-排灣語 (四)"
112131, "淡江大學113學年度商管學院企業管理學系教師評審委員會第6次會議紀錄陳閱單"
112130, "113學年度「淡江大學教師專業成長社群」航太未來發展趨勢與教學經驗分享社群活動(第2次)主題：美國大學理工研發趨勢與學生的養成 主講人：施明信研發與創新總主任"
112129, "淡江大學113學年度商管學院企業管理學系教師評審委員會第6次會議"
112128, "高等教育深耕計畫辦公室113年度第2次室務會議"
112127, "淡江大學員工福利委員會113學年度(第51屆)第1次委員會議"
112126, "淡江大學資訊工程學系113學年度第2次TQM小組會議"
112125, "淡江大學工學院暨AI創智學院113學年度第1學期第3次主管會議"
112124, "淡江大學74週年校慶慶祝大會第二協調會"
112123, "國際處人員赴越南未依規定請假處分事宜討論會議"
112122, "淡江大學理學院化學學系113學年度第5次教師評審委員會-會議紀錄"
112121, "淡江大學理學院化學學系113學年度第2次教師評審委員會-會議紀錄"
112120, "淡江大學理學院化學學系113學年度第5次教師評審委員會"
112119, "淡江大學財務處預算組113年10月份TQM小組會議"
112118, "資訊處網路管理組113年10月TQM小組會議"
112117, "戰略所蒐集資料的方法"
112116, "「第八屆2024 ICSC&E 亞太智慧校園研討會」第 2 次籌備會議"
112115, "淡江大學學生事務處住宿輔導組113學年度第1學期第2次TQM會議"
112114, "外語學院AI賦能研習活動系列講座第5場"
112113, "淡江大學總務處 總務組113年10月TQM小組會議"
112112, "服務科學與管理課程 覓情記：引路人陪伴式走讀試辦場"
112111, "碳邊境調整機制（CBAM）之發展與規範"
112110, "淡江大學113學年度第2次內部稽核會議"
112109, "資訊處前瞻技術組113年10月TQM小組會議"
112108, "大園產業園區金工中心訪視"
112107, "國際處週會1131021"
112106, "資訊處主管工作會議(續)-人力盤點"
112105, "資訊管理學系研究所特約講習第二堂_游佳萍老師"
112104, "淡江戰略大講堂- 生成式人工智慧與數位治理：AI時代台灣的機會與挑戰"
112103, "事務整備組 113 年 10 月 TQM 小組會議"
112102, "微軟 MCF AI-900 國際證照輔導工作坊"
112101, "淡江大學理學院TQM暨個資管理制度會議113學年度第2次會議"
112100, "日本語文學系113學年度第1學期第49輯淡江日本論叢審查會議"
112099, "淡江大學高齡健康管理學研究所113學年度第4次教師評審委員會議"
112098, "淡江大學高齡健康管理學研究所113學年度第4次教師評審委員會議"
112097, "淡江大學外國語文學院日本語文學系招生委員113學年度第1學期第3次會議"
112096, "國際觀光管理學系全英語學士班113學年度第1學期第3次系務會議"
112095, "國際觀光管理學系全英語學士班 113學年度第1學期第1次獎學金委員會"
112094, "淡江大學教務處113學年度第1學期教育學程相關業務協調會"
112093, "113-1「社會議題探索暨實踐課程」：專題8跨文化走讀活動「中山北路走進小菲律賓」"
112092, "產業園區產學合作討論_遠傳電信"
112091, "出納組TQM小組會議113.10"
112090, "人工智慧學系113學年度教師評審委員會第4次會議陳閱單"
112089, "人工智慧學系113學年度教師評審委員會第4次會議"
112088, "淡江大學外國語文學門英文課程會議113學年度第1學期第1次會議"
112087, "淡江大學高等教育深耕計畫113年度第1次執行會議"
112086, "113/10/21教育部智慧創新關鍵人才躍升計畫討論會議"
112085, "113學年度淡江大學境外新生約談印尼新生第3場"
112084, "淡江大學74周年校慶運動大會工作會議"
112083, "淡江大學文學院中國文學學系學術委員會 113學年度第1學期第1次會議"
112082, "淡江大學通識與核心課程中心113學年度第1學期成果展第1次討論會議"
112081, "淡江大學國際事務學院113學年度第1學期導師會議"
112080, "淡江大學工學院電機工程學系113學年度第1學期第1次系工程認證推動委員會會議"
112079, "國際觀光管理學系全英語學士班 113學年度第1學期第2次課程委員會會議"
112078, "德國語文學系－（社群）賦能創意學習：自主學習與跨領域合作在公開展演中的實踐"
112077, "淡江大學「促進國際生來臺暨留臺-國際產業人才教育專班(新型專班) 113學年度春季班及114學年度秋季班新增開班類型及辦理模式徵件會議"
112076, "1131016印表機設定教學"
112075, "天芝茭子-秋季茭響曲採收趣"
112074, "原來這麼美-鹿角蕨工藝師"
112073, "原來這麼美-鹿角蕨工藝師 (測試版)"
112072, "淡江大學師資培育中心113學年度第1學期第2次TQM小組會議"
112071, "淡江大學師資培育中心113學年度第1學期第3次中心會議"
112070, "淡江大學秘書處文書組113年11月份TQM小組會議"
112069, "淡江大學校友服務暨資源發展處113年10月TQM小組會議"
112068, "113(1)外語學院佳津公司課堂講座_講者：精靈幻舞舞團‧藝術總監創辦人賀連華老師 / 講題：「!Ole, Flamenco! !Viva la vida!」"
112067, "113學年度淡江國際學園室長大會"
112065, "113-1淡江國際學園內務檢查(複檢)"
112064, "113-1淡江國際學園內務檢查(初檢)"
112063, "機械與機電工程學系113學年度第1學期第2次TQM會議"
112062, "淡江大學總務處服務行銷小組113學年度第1次會議"
112061, "資訊人員資安專業課程訓練-駭客首部曲 首戰即終戰"
112060, "工學院機械與機電工程學系113年度智慧機械產學推動計畫-產業人才扎根分項計畫會議暨專題評分(113/10/17)"
112059, "淡江大學體育事務處募款委員會113學年度第1次會議"
112058, "職工人事評議委員會113學年度第1次會議"
112057, "113管理科學學系全職全實習計畫說明會"
112056, "淡江大學商管學院企業管理學113學年度第2次課程委員會議"
112055, "沖繩機場企業實習說明會"
112054, "淡江大學AI創智學院113學年度第1學期第1次TQM會議"
112053, "先進量子計算中心主題演講系列Ⅰ–離子阱中的量子計算（113學年度淡江大學教師專業成長社群）"
112052, "日本語文學系企業實習講座「探索熊本：從文化到職涯的全方位指南」"
112051, "淡江大學理學院物理學系61周年系慶暨系友返校籌備"
112050, "國際處會議"
112049, "EMBA 2024第五次歲末聯歡籌備會"
112048, "113學年度校務發展計畫「淡江大學教師跨領域研究社群」審查小組會議"
112047, "淡江大學商管學院「資訊概論」教學研究委員會113學年度第1次會議"
112046, "原住民族學生資源中心：族語小教室-排灣語 (三)"
112045, "淡江大學軍訓室113學年度第1學期10月份專業研討會"
112044, "113學年度第2學期「會計審計實習」行前說明會"
112043, "淡江大學外國語文學院導師會議113學年度第1學期會議"
112042, "淡碳綠生活開幕式暨體驗活動"
112041, "113-1松濤館內務檢查(複檢)"
112040, "113學年度會計學系第3次募款管理委員會"
112039, "出租爺奶團隊10月工作坊"
112038, "113-1松濤館內務檢查(初檢)"
112037, "淡江大學AI創智學院教師評審委員會113學年度第3次會議紀錄"
112036, "淡江大學AI創智學院教師評審委員會113學年度第3次會議"
112035, "淡江大學圖書館典藏閱覽組113學年度第2次TQM小組會議"
112034, "教育學院113學年度第1學期第2次學生校外實習委員會簽到單"
112033, "淡江大學會計學系113學年度第1學期第1次中級會計學教學研究會議"
112032, "淡江大學理學院化學學系113學年度第4次教師評審委員會- 會議紀錄"
112031, "淡江大學化學學系113學年度第4次教師評審委員會會議"
112030, "113學年度淡江大學境外新生約談印尼新生第2場"
112029, "淡江大學工學院暨AI創智學院113學年度第1學期第2次主管會議暨歲末聯歡籌備會議"
112028, "圖書館數位資訊組113學年度第2次TQM小組會議"
112027, "工學院113學年度第7次教師評審委員會會議(簽退)"
112026, "工學院113學年度第7次教師評審委員會會議(簽到)"
112025, "工學院113學年度第1學期第1次TQM會議"
112023, "資工精準智慧創新跨領域研究社群_1131016"
112022, "113學年度第1次各項工讀助學金小組會議"
112021, "統計學系113學年度第1學期第1次學術交流委員會議"
112020, "淡江大學大學社會責任實踐計畫辦公室113年度第5次室務會議"
112019, "淡江大學教學優良獎勵審查委員會113學年度會議"
112018, "【微學分】AI實作體驗工作坊-「AI 影像分類與偵測」場次03"
112017, "外國語文學院113學年度「申請入學書面審查評量尺規」諮詢"
112016, "外語學院AI賦能研習活動系列講座第4場"
112015, "外語學院AI賦能研習活動系列講座第3場"
112014, "就得會設計思考工作坊：從淨零綠生活發題"
112013, "就得會設計思考工作坊：從淨零綠生活發題"
112012, "大眾傳播學系教師評審委員會113學年度第3次會議紀錄陳閱"
112011, "大眾傳播學系教師評審委員會113學年度第3次會議"
112010, "淡江大學74週年校慶慶祝大會(含名譽博士)工作協調會議"
112009, "【EMI公開觀議課活動】淡江大學觀議課"
112008, "「113年國家考試電腦試場評選(第二梯次)」實地審查"
112007, "TEST"
112005, "【微學分】AI實作體驗工作坊-「AI 影像分類與偵測」場次02"
112004, "西班牙語文學系113(1)強化多元實務課程 -業師演講「中美洲經貿辦事處與瓜地馬拉咖啡分享」"
112001, "淡江大學體育事務處教師評審委員會113學年度第8次會議會議紀錄"
112000, "淡江大學體育事務處教師評審委員會113學年度第8次會議"
